Transaction_Amount,Transaction_Duration,Anomaly_Score,Is_Anomaly
109.93428306022466,6.399355436586002,1,False
97.2347139765763,5.924633682912769,1,False
112.95377076201385,5.059630369920174,1,False
130.46059712816052,4.353063222294426,1,False
95.31693250553327,5.69822331361359,1,False
95.3172608610164,5.39348538542175,1,False
131.58425631014782,5.895193220027732,1,False
115.34869458305818,5.635171801681969,1,False
90.61051228130096,6.049552715319335,1,False
110.8512008717193,4.464764788439432,1,False
90.73164614375077,6.317394065634326,1,False
90.68540492859486,5.1975996046924,1,False
104.83924543132068,7.0752608726252655,1,False
61.73439510684404,4.310812181910432,1,False
65.50164334973934,6.73596380316525,1,False
88.75424941518054,5.197910783462648,1,False
79.74337759331152,4.348581996385551,1,False
106.28494665190549,4.516114165945679,1,False
81.83951848957578,4.67965269180568,1,False
71.75392597329417,5.424165946401916,1,False
129.31297537843108,5.5228354880355,1,False
95.4844739902693,4.426299996061421,1,False
101.35056409375848,4.975645407739017,1,False
71.50503627573087,7.142270358611864,1,False
89.11234550949635,6.727543170100711,1,False
102.21845179419732,5.4363236696740325,1,False
76.98012845155395,5.0380034781682,1,False
107.51396036691344,5.120031326718261,1,False
87.9872262016239,5.613517972730417,1,False
94.16612500413449,3.977207434801594,1,False
87.96586775541206,4.742623462576655,1,False
137.04556369017877,3.3314159261224106,1,False
99.73005550524132,5.399223122605279,1,False
78.84578142088199,5.647195939702741,1,False
116.45089824206376,4.516813537700626,1,False
75.58312700057955,6.573986763290033,1,False
104.1772719000951,3.774234336997659,1,False
60.80659752240449,3.53562511979018,1,False
73.43627902203139,5.224451818559972,1,False
103.93722471738246,6.047098302612154,1,False
114.7693315999082,6.6839276914578685,1,False
103.4273656237994,4.54111573713106,1,False
97.6870343522352,6.078680833431296,1,False
93.97792608821422,4.961491530499293,1,False
70.42956019265145,4.82737270005918,1,False
85.60311583210583,5.883659937486672,1,False
90.78722458080424,5.65232287841342,1,False
121.1424445243783,3.4236078430157506,1,False
106.87236579136923,6.476540349725896,1,False
64.73919689274533,6.380091354147451,1,False
106.4816793878959,4.374437298490471,1,False
92.29835439167368,5.395803533437409,1,False
86.46155999388083,5.494030186282739,1,False
112.23352577681736,5.260673765823907,1,False
120.61999044991902,4.44969484615458,1,False
118.62560238232398,4.328376632061948,1,False
83.21564953554723,4.974445929008555,1,False
93.81575248297573,6.172729019259364,1,False
106.62526862807128,5.543600154594432,1,False
119.51090254244718,4.629385667913894,1,False
90.4165152430942,5.771698710648344,1,False
96.28682046672364,2.1514573793699245,1,False
77.87330051987944,6.148765700372104,1,False
76.07586751838659,3.2602862212219,1,False
116.25051644788395,4.637559058596868,1,False
127.12480057141646,3.880330105373856,1,False
98.55979756839332,3.705318524279094,1,False
120.07065795784048,6.16082678737852,1,False
107.23272050095268,4.5322987986881085,1,False
87.09760490789752,5.346503881730715,1,False
107.22791211016828,4.953079421120816,1,False
130.76073132931938,5.477040827223122,1,False
99.28347921780096,5.076821891060256,1,False
131.29287311628013,3.7170077758114304,1,False
47.60509791820511,5.99626681944714,1,False
116.43805008750448,4.506243416838688,1,False
101.74094136476344,3.443418101340249,1,False
94.01985299068264,4.571884839034087,1,False
101.83521553071004,6.50075979063431,1,False
60.24862170798215,5.850221742113493,1,False
95.60656224324975,4.6513478655921405,1,False
107.14225143023492,4.650742295681571,1,False
129.55788089483033,4.678364948782617,1,False
89.63459563452705,7.076747983560841,1,False
83.83012794213624,5.381935452231553,1,False
89.96485912830927,5.43004164719107,1,False
118.30804235404148,6.030283454031842,1,False
106.57502219319367,5.238789159026513,1,False
89.40479592465923,4.740957854179297,1,False
110.26534866226712,4.803650150915022,1,False
101.9415509869608,4.928398740585936,1,False
119.37289981065778,4.962777763490158,1,False
85.95893812245295,5.72762954363698,1,False
93.44675706804465,5.051945885807299,1,False
92.15783693735683,5.73264007721558,1,False
70.72970103735763,4.919283419891418,1,False
105.92240554129152,5.07863519031609,1,False
105.2211054435978,3.0017993154678924,1,False
100.10226913284922,5.916327674702481,1,False
95.30825733249706,5.346488475897993,1,False
71.69258515899172,5.998010109859652,1,False
91.58709354469282,2.1037446218063107,1,False
93.1457096694646,7.088374704780728,1,False
83.95445461556761,4.860410371844826,1,False
96.7742857666798,6.108182816737516,1,False
108.08101713629075,3.960094072874469,1,False
137.7237180242106,5.61277390506257,1,False
103.49155625663678,3.946584436826344,1,False
105.15100781445528,4.376231039304195,1,False
98.51108168467664,6.914031353866786,1,False
61.62457569401917,4.809317599236653,1,False
99.46972249101566,5.217432873179723,1,False
101.20460419882052,5.8700677306887545,1,False
149.26484224970574,5.495681887972605,1,False
96.15278070437756,5.150418905143576,1,False
106.03094684667224,5.3649610024662255,1,False
99.30576460589512,7.403415585238275,1,False
76.62643924760935,4.942381202966415,1,False
122.8564562903004,5.201099046714967,1,False
115.03866065373548,6.050654396007612,1,False
115.82063894086092,6.105525932957984,1,False
81.81225090410521,6.187030305560381,1,False
128.05588621872198,5.638730222029185,1,False
71.96297874415438,3.856995087269517,1,False
111.7371418760054,6.633431532301096,1,False
143.80911251619958,3.853654606981312,1,False
80.18927349738624,5.3026354652390335,1,False
88.67404540794456,4.245724149980642,1,False
101.99302730175282,4.935861653407008,1,False
89.93048691767602,5.32876241030348,1,False
68.98673137867735,5.3213572154502735,1,False
101.37125949612054,5.421920754235285,1,False
78.7539257254779,6.613711269058647,1,False
109.47184861270364,5.453534301513979,1,False
81.61151531532394,4.755843364709351,1,False
130.9986881003508,5.964087168288358,1,False
84.33493415327526,6.18947048892464,1,False
93.55876967588648,3.772392184863008,1,False
116.2703443473934,5.597400069849858,1,False
75.3827136713209,5.701172742310899,1,False
104.54919869208258,4.702436496640008,1,False
126.14285508564856,6.37570681331162,1,False
67.85033530877544,4.849944412967473,1,False
103.69267717064608,5.125576453471543,1,False
105.19765588496848,4.82692817571613,1,False
115.6364574355462,5.015579047581467,1,False
75.26098578243835,3.9037249131047984,1,False
73.59086773831447,3.5599491174057056,1,False
110.43883131233795,6.594505063224972,1,False
105.93969346466372,4.153038651681673,1,False
105.00985700691751,4.008607650543693,1,False
106.9289641899395,2.846609886396285,1,False
86.39950556843019,4.361038252310498,1,False
104.64507394322008,3.6769102065925017,1,False
105.86144946597362,6.642015160136369,1,False
85.71297163947264,6.009817089342635,1,False
137.31549022289514,4.311849654822276,1,False
109.47665841823576,7.252435805344309,1,False
76.17393005594703,5.981765486991594,1,False
113.1310721726766,4.675168616491377,1,False
80.50636659545357,2.500594285126427,1,False
115.74169207484904,7.290942572590742,1,False
123.17191158014808,3.610427533236404,1,False
83.5863536329658,3.354601253043108,1,False
119.26752258488644,6.0225704320096405,1,False
108.25561853872996,7.439752406339273,1,False
116.4412031998898,6.384272818510518,1,False
137.93585965307895,5.56390912005236,1,False
95.09223767994258,5.594754341665286,1,False
84.9252767128502,5.853415558780307,1,False
82.20971140748954,5.758928589786765,1,False
83.68379430069123,5.281191423969376,1,False
98.45796581171793,5.104201103951876,1,False
106.82303949633288,4.937406872100477,1,False
105.5338159866004,4.246035411133324,1,False
116.54366498072048,4.719324923133226,1,False
100.26003783755814,3.3070431858046145,1,False
129.07068154314635,4.90166037320525,1,False
94.70686333524088,4.011408892849083,1,False
154.40338333179238,3.896410682784229,1,False
112.51334695530012,5.179894151153478,1,False
82.85684887167434,6.392002286344599,1,False
78.58215003877775,5.918316606002313,1,False
109.64944830486372,3.4294993963768228,1,False
95.53074429348298,4.010371863429662,1,False
114.28000988184183,5.940771187988216,1,False
109.4647524914709,4.017512606461691,1,False
98.54342174686256,4.775366850002976,1,False
83.06412563863191,5.550052099024552,1,False
69.70305550628271,4.031655545136365,1,False
91.06970095865958,5.10537550614596,1,False
117.12797588646944,3.6659745050817953,1,False
104.28187488260409,4.398632356048786,1,False
75.08522442576023,5.3197819341425365,1,False
103.46361851702363,3.407006266468331,1,False
107.70634759457674,5.440474737960399,1,False
82.32285127597734,4.980362201073318,1,False
103.07450211891056,5.552489954417148,1,False
101.16417436892,5.223914134064661,1,False
77.14059404338754,6.364140429973844,1,False
107.15574720696569,5.125224502647908,1,False
111.21569052736469,4.570594458874747,1,False
121.66102486350552,5.122297503032284,1,False
121.07604104069806,5.543298029036388,1,False
72.44661264085818,5.048860070325705,1,False
81.24349920169755,5.040591691203883,1,False
110.3007053441732,4.298008312193245,1,False
110.27571901824416,4.337099082449052,1,False
110.30095372612097,3.5973947282003067,1,False
177.05462981309444,6.749576743186939,-1,True
111.41781021386332,3.7561367646087143,1,False
122.71131280361196,4.307094802204093,1,False
119.08003526986406,4.281592734430802,1,False
113.02782502611596,5.8949243769444415,1,False
93.69461510719309,4.705050321707972,1,False
115.17938440986536,6.247742072673734,1,False
84.54349570924856,4.326509375756132,1,False
95.26362786519982,5.278994162223802,1,False
90.29272904341794,4.164652946740243,1,False
101.63748278772646,7.145149127773388,1,False
146.29317133347018,3.812401580970487,1,False
62.65469614816504,5.309820710227028,1,False
113.72520380749027,5.633776880932098,1,False
67.74568257620697,5.4137990974514985,1,False
90.56136268421132,4.814712341122291,1,False
121.77901193934731,4.870179300266574,1,False
101.28560038190926,5.04381147197911,1,False
78.44510444141387,4.852997998371511,1,False
85.69392581480064,5.96387911679491,1,False
113.59195497869352,7.210523001591351,1,False
85.39266736565727,4.442508214992166,1,False
104.3291717916395,3.630197020420922,1,False
100.91143679807628,4.911717951648745,1,False
86.96799304788365,7.579709337654318,1,False
142.8788817865065,4.196325432030269,1,False
112.67838044636022,6.639116805444068,1,False
59.49714826684786,6.677700814076441,1,False
103.72908629538856,4.4464117582920055,1,False
86.76427070463224,5.568983079185276,1,False
117.04866669592448,6.628396623128538,1,False
84.14958523134598,4.620872259012513,1,False
97.70527117066202,4.796419639897638,1,False
110.09974557960916,4.418319086051357,1,False
117.31510388340244,3.985243269307133,1,False
75.99407185888447,4.350722454933993,1,False
93.30997528318105,3.776059733237744,1,False
90.50109377678088,5.034083468259226,1,False
86.93341534852576,4.230026768941358,1,False
135.30908480562192,5.233785911790748,1,False
108.09963421921913,3.444104353796373,1,False
74.78232091329909,5.330880232214457,1,False
118.35723894109552,5.833528961608924,1,False
142.44312394025266,3.0062643574285444,1,False
120.64930521102292,5.374056569847572,1,False
69.61260068091974,6.227668992473292,1,False
90.31531854267496,3.7903589813087946,1,False
125.33822298373244,6.672572386837704,1,False
85.84661068762438,5.419019009366045,1,False
108.87638856292456,4.294988144241591,1,False
115.49268106858672,4.944230922342294,1,False
81.46139056843833,5.558326912521722,1,False
98.809492878764,5.076005391412411,1,False
35.17465319861854,5.538755992446369,1,False
79.51224717331421,4.079326406920634,1,False
94.9486369721368,5.169360824036078,1,False
75.04433636070301,3.58628550309502,1,False
132.64822607863272,4.888773938651299,1,False
71.39717244078734,4.09609235853521,1,False
91.19911026606032,4.264470057410233,1,False
102.61481154572182,6.236093175210438,1,False
128.82546578132232,6.091310120594269,1,False
71.2827569764112,5.609138120907177,1,False
123.26327504309918,3.907687235327421,1,False
100.20466122039174,4.683591550305198,1,False
80.36982697904098,6.213097699979183,1,False
109.24206948526542,5.141716913639905,1,False
103.9811939114694,7.319329539981695,1,False
87.9956624568241,5.393317839394372,1,False
101.39604169980038,5.192049116490032,1,False
92.2937280627648,4.690883535797498,1,False
102.27034690502497,5.133540904782282,1,False
113.24261349042094,4.8475301636194565,1,False
131.72033632290703,5.708108676688591,1,False
75.24369002346302,5.956702316794584,1,False
142.66066749312537,4.21401053949205,1,False
60.958244009549965,3.668767046442222,1,False
96.96429809928831,3.163794626896704,1,False
111.76634412969152,5.507991326912544,1,False
105.61983735470064,3.8966333938261264,1,False
87.54600960358812,2.847109407047517,1,False
95.83755499285448,5.388578604530964,1,False
90.13998130682334,7.492999517432791,1,False
88.21270486111577,4.993929088460106,1,False
116.99204194042048,5.838490774451642,1,False
107.14030971930094,5.081829358547565,1,False
86.14180809478691,4.901110346808857,1,False
117.991997508665,5.9190764829877685,1,False
106.1459904175322,4.709725455811348,1,False
116.2572423767792,5.267392314071903,1,False
112.59257683847224,5.321697806196013,1,False
83.42009978155855,4.331909546356951,1,False
88.79637919606061,5.992042349536523,1,False
114.94587210246524,4.825040243304591,1,False
112.2074053086693,4.244254840507155,1,False
99.58196812071704,5.536509843570403,1,False
102.34654766617564,4.101532018208963,1,False
125.5532979157685,5.028181157369128,1,False
88.1685722232834,4.990881003355796,1,False
110.94194762340076,6.085895565831578,1,False
95.95614695132213,5.474698232879953,1,False
95.6463759354556,4.974973041254856,1,False
121.9755370397438,5.817766299200287,1,False
116.5083269797606,6.390207549017314,1,False
116.27019272001276,5.557810306351862,1,False
126.10957614308658,5.01035261984338,1,False
100.42007683265518,3.68816376764984,1,False
113.63905942589928,3.9348863369246274,1,False
93.79466486813088,4.694775295645332,1,False
106.48332704976885,4.390487797840716,1,False
97.39713891264633,4.813028697014554,1,False
101.93991929985437,5.056649924897108,1,False
111.90314050873828,5.529692754356731,1,False
83.63558633533054,4.9295012219409085,1,False
141.8477455137092,5.486501643826202,1,False
79.87965237000596,5.06447441481012,1,False
75.71622774424536,3.0245334336461287,1,False
123.16221747000137,4.060664606181246,1,False
115.83325387925872,4.855912444278385,1,False
112.4823963410431,3.790305257158893,1,False
112.5669101852856,5.599928729996204,1,False
99.7550645430617,6.530750832343697,1,False
82.05491257028336,6.218761851697317,1,False
101.51609116387452,4.786557129069792,1,False
86.45676576975777,6.490726136849952,1,False
119.50239466835502,5.148667457202111,1,False
97.05885236995722,4.662914028881961,1,False
83.49005606414977,4.38659733645906,1,False
93.57228316694014,4.697530313511872,1,False
108.25862908551248,4.611823181458771,1,False
88.7255089439205,5.170416222375488,1,False
83.55559208867137,5.160573981049865,1,False
104.87374422983824,5.003046020153414,1,False
104.89933142217446,5.43693816974635,1,False
89.8611364925774,6.190646274786341,1,False
90.57923388763356,5.949554135441324,1,False
104.64099874715272,3.5151020315500965,1,False
71.03831317005351,2.446078865098045,1,False
71.8507245124689,5.934319911239274,1,False
85.63111557495128,3.6331213015845782,1,False
95.73105696576306,4.775234598107317,1,False
106.2181513119601,3.82988697394064,1,False
129.50712433899105,3.1980195624199803,1,False
117.1531924640404,5.541462728204788,1,False
96.80122940073146,5.759155160302647,1,False
99.61967584194622,4.423489599273281,1,False
79.94941270724382,2.40895770785509,1,False
99.6297372801522,4.453755551747517,1,False
94.22682722159723,5.3918040054025465,1,False
106.4543712067618,3.5210884312258712,1,False
83.45538112895355,5.183359919779155,1,False
110.38693028482344,4.984690150827005,1,False
130.65477826005156,5.579291499601088,1,False
97.82479703086284,5.119580368414153,1,False
108.03423444197882,4.026931059118445,1,False
113.80287983422224,6.196571501664492,1,False
91.97559056228329,4.84147042697303,1,False
104.48184963620834,4.972695460490068,1,False
100.2518480156359,4.066732040926804,1,False
101.95352197097664,4.55671774880849,1,False
84.53980432289067,4.115197285973099,1,False
100.49020348517884,4.827053940076577,1,False
109.959965824909,6.711708480142344,1,False
129.02287215590084,3.628098857068644,1,False
119.18541652170414,3.386438602123259,1,False
143.06364915023113,6.471170327493608,1,False
84.65304874223901,4.7906763228481335,1,False
117.44641273441356,4.330927261340084,1,False
103.66684011476704,6.039904687396076,1,False
143.79605866435344,4.394384460263136,1,False
83.83403429289697,6.826009713546936,1,False
83.20556315638447,5.677925871339269,1,False
88.01214709111956,4.5120885918542974,1,False
57.52208551380386,7.157308213265504,1,False
89.48489956638478,4.3942850769966615,1,False
84.81734676892604,5.742095372009307,1,False
103.00787572952416,5.299292580406492,1,False
106.83511951554318,6.301741289398798,1,False
137.52341678431773,6.561511196726853,1,False
119.008476763721,5.032004149065767,1,False
88.46192688675194,4.246582129653817,1,False
82.03170657303284,5.459972142939116,1,False
109.83838343013012,4.322284630247894,1,False
73.59533585958715,7.013387247526623,1,False
136.62917531708706,5.1365353310827375,1,False
123.58880241442574,4.634678448687891,1,False
90.6164869579059,5.184680305864909,1,False
65.73730941818245,3.652873710470304,1,False
127.07744748330823,4.028385961489349,1,False
97.70920309494764,6.200413907944426,1,False
124.75632623946925,4.343105721028604,1,False
68.11144682411266,3.95308901731806,1,False
88.01249954092454,5.536652752527286,1,False
100.10487399436366,6.1857041546629965,1,False
100.93961187529484,5.718953310665067,1,False
90.99869057041512,5.9960476858058165,1,False
112.45699864694996,4.24320491143054,1,False
78.6475914123481,3.578189333258156,1,False
97.15241029957411,6.501333651955487,1,False
102.40591263423798,4.677320161157864,1,False
110.28877668117498,4.749166983544953,1,False
114.2322975617778,6.328194141849058,1,False
77.50715816324262,5.55623000940066,1,False
69.31771658528756,5.455887772081607,1,False
125.55353643797018,7.165002344901084,1,False
106.64628023959185,4.356481769619857,1,False
85.03026926886892,5.927840128081237,1,False
131.02303951045047,5.057013124897084,1,False
102.31349268585716,5.268592278863257,1,False
123.58594368127652,6.528468426412532,1,False
101.35036962820216,5.507835756289624,1,False
141.21495849763974,5.538296079049633,1,False
135.10681684886407,6.072507337309802,1,False
95.02071703041852,4.635047270457115,1,False
119.43141901908712,4.160790332660993,1,False
112.90751899170294,3.955190805978966,1,False
127.37263115064698,3.0336434106239984,1,False
80.70153078839792,7.056207129940322,1,False
113.72102919996878,3.896791634278317,1,False
121.16848973699176,4.778746376414228,1,False
64.82521027153771,4.723186700111079,1,False
76.3348297466845,5.307406697809101,1,False
59.21535644479799,5.815737212539297,1,False
94.61186331110883,5.860473488359745,1,False
114.35084511591924,4.416922561431061,1,False
130.04714104192055,4.832878286213589,1,False
101.4818956083955,5.2825799504883,1,False
132.57231091142583,4.751308873816453,1,False
72.39797083570217,6.607345576019993,1,False
65.9323512128969,5.490974951638251,1,False
98.88904602206762,5.734877786049817,1,False
107.68130897878616,5.662881268667412,1,False
99.34610503811814,6.173473857485325,1,False
58.65115799920247,5.181021558703707,1,False
98.21759920974424,3.7031680520441537,1,False
73.91060998990294,5.399687951752641,1,False
113.39345097660076,4.348643106208171,1,False
107.33196492193696,4.471383318250243,1,False
81.2024042734529,5.586364018755093,1,False
89.72266165326613,6.238283071433636,1,False
78.81572956222097,5.021271576736062,1,False
98.74641805453656,5.308833012598964,1,False
119.10284641002475,6.702214944635238,1,False
80.28547907328912,5.240753179488569,1,False
110.08093031035688,7.601683114180394,1,False
89.39484763255118,5.565509645631544,1,False
84.14254335475312,3.239237240844182,1,False
97.85939280090884,5.753341621104532,1,False
79.29515355161251,5.381158384882777,1,False
88.92701389305635,6.289752754082746,1,False
76.04244214822303,5.673181351269959,1,False
139.2945026583278,4.861544016016226,1,False
100.70527103943458,3.775701763710634,1,False
86.00548984014829,4.7909767427139744,1,False
104.27959821468444,4.1494795457907,1,False
97.7534390061834,4.419476550195277,1,False
95.58060800933552,5.58857840442061,1,False
112.2833340008685,6.669904504351406,1,False
115.1501542009461,5.394671529822981,1,False
89.38997704778944,3.804116937964816,1,False
88.4836351871064,5.44460266822014,1,False
94.49896605696712,6.196631486645651,1,False
53.9615767052883,4.390217095680618,1,False
69.69617875602896,4.865982833327083,1,False
127.3374853488905,5.014688194729197,1,False
132.89935427002567,4.21510168691776,1,False
95.01927920887243,5.648280433843859,1,False
111.53113926111531,4.8790518513922185,1,False
106.22500309087071,5.419532443907028,1,False
161.57761616910477,4.1125078221979,1,False
122.39149822869152,4.56254169967659,1,False
97.44164817038468,5.722381357827771,1,False
80.88919118799149,4.627166847908233,1,False
67.87107359484855,6.726963851233405,1,False
104.06927271734446,4.600363814385398,1,False
84.87298509431393,5.224684725751886,1,False
71.55492580804652,5.93259083187309,1,False
87.06854231514947,3.5816342670669683,1,False
78.3690399277121,3.239191188019224,1,False
133.74283270145128,3.474343685429905,1,False
117.632795138989,6.262584103427182,1,False
99.84054717366766,4.448141854107553,1,False
129.59888277780053,7.558199285668252,1,False
101.54736615295236,4.435752401342612,1,False
82.77431597343472,5.184551303197037,1,False
130.46248154539313,6.542109952567875,1,False
110.77820087369318,7.006092888159123,1,False
79.25507691347087,7.061503576636397,1,False
96.19322643832784,6.208366230593143,1,False
82.48763493230486,6.024062525811463,1,False
72.34400538071327,5.592526949201183,1,False
118.52355095063282,5.778361076166638,1,False
138.1883328094026,4.448814283671466,1,False
72.02864852361718,4.1818011165776925,1,False
111.25938473381142,4.996625542589048,1,False
86.98714861756346,4.829815377475072,1,False
90.25749232470608,4.546771950672725,1,False
88.15212151522262,5.696387447456715,1,False
82.72018460640368,5.955305208570511,1,False
100.97043255889652,5.088406886291847,1,False
83.38099767177924,6.477530081055262,1,False
105.40913651559676,3.858310885866495,1,False
98.99523781101726,4.8063405407202815,1,False
95.2210390626718,4.283177679397195,1,False
81.84872675916804,3.13346338292694,1,False
88.46457338863334,4.917319314157301,1,False
115.10782451651512,4.878252491616716,1,False
110.0183437524876,6.5134497432421306,1,False
80.44889510402898,5.630811684554778,1,False
101.98664610858452,3.975813175670795,1,False
115.0277424674358,6.854092566334188,1,False
66.61189437757257,6.221033695525353,1,False
110.8672038475987,5.582097703468616,1,False
86.74752482108306,4.773515901150168,1,False
111.41197337186318,4.04056076327652,1,False
84.73481686914967,4.627793223928947,1,False
63.90235798670962,6.088748619704186,1,False
67.44915124233674,6.884586305934609,1,False
100.96169893322764,6.543243528272189,1,False
105.19445003442964,4.511150578213726,1,False
81.91366749791183,3.880382566710989,1,False
112.77184917554747,5.140886246911204,1,False
66.7695987546208,3.231560634437148,1,False
98.67840402705367,5.323167714184781,1,False
75.77967600475087,4.852397413701332,1,False
86.96327784395682,4.533963498131758,1,False
100.94797342632828,3.4052969327332043,1,False
82.79173269432096,5.513600106569717,1,False
92.30888911540347,4.467299160338088,1,False
120.1258561842888,3.830083164289712,1,False
88.46216260953702,2.1277377867183507,1,False
116.71384224130284,4.972485094949364,1,False
77.40586290684763,6.772251596669744,1,False
110.59608355830564,6.66125921454787,1,False
128.83137241315802,4.542903743413728,1,False
50.56710999745421,4.39778793963822,1,False
84.06209489059046,5.468774256075024,1,False
111.5414425436108,4.001614560811708,1,False
95.93909227914014,5.301791899819466,1,False
107.42291746742616,5.76608027838469,1,False
87.92029626568359,6.226933223884307,1,False
101.731795749458,4.899845923520047,1,False
96.88645529215842,4.796326249823034,1,False
123.35564123319614,4.122017413243439,1,False
105.08841686602426,4.17311964596014,1,False
106.75205324150404,4.773521108098473,1,False
91.76246067755064,5.367365506816178,1,False
90.24787551855012,5.913584626233249,1,False
91.34883624360758,4.196821049319655,1,False
107.88904284756592,6.4926885689595215,1,False
91.58031038359474,4.728876398957431,1,False
105.79549713792828,4.978632705651564,1,False
141.50801597290877,4.252788320852177,1,False
117.42249406863384,2.5757597397270584,1,False
93.47952935664318,5.884045396361049,1,False
124.02427844327887,5.736843897092434,1,False
91.83849253956896,4.718672442881787,1,False
59.23750929644292,5.066990717224872,1,False
79.83827378165192,5.5159392177041,1,False
62.58416157948289,3.4374541431134573,1,False
92.96973031917383,4.470947322653705,1,False
100.36836758379104,5.794264679621827,1,False
133.52874624550566,3.745710576830751,1,False
106.53854747528324,5.293557932166629,1,False
95.61798942382272,3.643418195376595,1,False
116.5881116236698,5.466429982433526,1,False
55.7772938198423,4.964358517702516,1,False
104.71229116217133,3.3848681840944908,1,False
115.41730387773931,6.164739354457171,1,False
70.42827508440317,4.265408423201951,1,False
122.87508086413858,4.189747562985619,1,False
106.76992814988829,5.200569197230943,1,False
91.69424172198396,6.148637349428715,1,False
112.6556373221257,3.984178181021603,1,False
145.41385715608791,5.061679849847971,1,False
103.6373251011699,5.428816500330573,1,False
104.96441172600672,5.693105607263144,1,False
90.81278200919512,5.176441555277226,1,False
83.00311261070416,4.632972160916678,1,False
116.60671633088492,4.17240977935128,1,False
82.87832348182266,5.086143883046375,1,False
101.43132474438784,3.927860988014393,1,False
90.44685106469768,2.0786495165053926,1,False
109.57959651492784,5.436559804157668,1,False
106.67324210573896,5.903934841086195,1,False
120.750798885158,2.6370675644581616,1,False
89.79967202290506,3.9902692952900622,1,False
94.60250129413258,5.619154261005198,1,False
80.42472568435386,7.057495469711698,1,False
91.11413479847776,5.020793707675408,1,False
107.54600986089704,4.271997058770865,1,False
115.13977233290704,4.81710355889516,1,False
81.5566935164475,6.374876419148185,1,False
117.3921184021132,4.354035820875465,1,False
127.11275717609902,4.200807993349747,1,False
108.26869806447402,4.517256477817968,1,False
137.53591625116132,4.046671391741287,1,False
84.52421601792854,5.122670315994796,1,False
75.10690593377166,6.62467845846956,1,False
64.42559502191443,5.323079273116029,1,False
129.92088622978366,4.7476464978737125,1,False
113.08731312708116,4.708188731084456,1,False
98.8883065817909,3.436809191303343,1,False
105.5993725263964,5.883109777147159,1,False
77.49021905403247,4.922162802987198,1,False
148.91503959233654,4.819520086409375,1,False
102.58442363950456,8.19310756784486,1,False
102.18789589209786,5.298752908365686,1,False
114.51533247797384,4.248208949904816,1,False
109.62018463473429,4.573642403794457,1,False
104.47768048558262,6.148445709196755,1,False
84.19051089109377,5.113270410537765,1,False
109.42936714271993,3.561722021682633,1,False
137.6404899295007,5.919228934575203,1,False
126.90840092309956,4.331855914461006,1,False
131.86373253278794,6.873297776217545,1,False
89.7756864713763,6.0800480657146485,1,False
80.20790359482838,4.552678104341249,1,False
97.48426159800704,6.281016361735113,1,False
101.11449824577387,5.067855510527403,1,False
121.88383036941896,5.85277367512222,1,False
66.15070740570361,5.484732817294475,1,False
130.59100638921228,4.153643345009127,1,False
96.8398420284202,4.356450167682538,1,False
91.4623786010516,6.029960817581161,1,False
79.75791249479664,4.665224667893459,1,False
66.90286656268461,4.596351536758004,1,False
116.46341167923828,4.044877420650647,1,False
101.46635934376808,5.423599065593461,1,False
74.20078200517892,7.062524919243145,1,False
74.09842455872769,3.932467085745727,1,False
93.28430601419744,5.024219456672758,1,False
133.38043050578784,6.412220555415429,1,False
94.8081729727279,4.9203586087542845,1,False
69.93714093763788,5.452371796249734,1,False
95.08513871828112,3.93760647185312,1,False
94.54552860504658,5.428307097207648,1,False
46.06226714116857,4.812855734995451,1,False
98.91410266964375,5.985729995679863,1,False
95.38130939582643,6.187386051564751,1,False
113.92412729626837,7.589563642018614,1,False
136.9791218989069,5.579633173213575,1,False
122.53130059095514,5.325796316582166,1,False
94.62222618890338,5.194384301577336,1,False
77.86948182516659,4.646833707189312,1,False
151.4671960649972,5.338483843461691,1,False
101.18436868028977,4.704598589860971,1,False
100.27858583825892,5.168460976269614,1,False
99.51749825779991,6.31759753560796,1,False
103.9616952153571,3.993457434720359,1,False
97.11279176152117,6.139878561129045,1,False
88.52675986239527,6.3171150673398655,1,False
89.06282117519216,4.881931473008922,1,False
99.34493459568004,2.8781451009914054,1,False
89.1315045773247,4.392178012905568,1,False
85.74308434645671,6.296994546561109,1,False
102.12860455383792,4.977131937701118,1,False
94.90045565158287,4.0006977677050894,1,False
130.0798597716538,4.495225078771783,1,False
46.98060383213976,5.840620026504553,1,False
121.83013703844924,5.546733568201379,1,False
124.92170384995258,4.761067900830306,1,False
58.53219535183701,4.6331755881853125,1,False
93.14624811839305,4.608241850956178,1,False
92.57118268008418,4.077589815501497,1,False
71.84976610564357,6.615375689469442,1,False
84.4436662481825,4.6776795307886605,1,False
77.78848309068343,6.217158520825496,1,False
135.04540886847246,6.521316051922451,1,False
118.71356786294922,5.9983108981479605,1,False
125.43110189988316,4.568379687281952,1,False
114.4334412808647,5.40373009033661,1,False
77.41896457565542,4.975804393609084,1,False
89.50959467440452,4.096298139269872,1,False
109.78749122455837,5.324359281721603,1,False
75.55744382216109,3.8209602088401975,1,False
114.25996860344776,6.187679388461564,1,False
95.1934920368373,4.535382702701607,1,False
92.50358384900804,5.201159655872839,1,False
114.21919936406982,5.283287871546142,1,False
108.8852662297208,4.741095026295922,1,False
92.7806766836184,5.586693801475275,1,False
123.18659606728497,4.525096343377475,1,False
78.37873344800205,5.871297297457244,1,False
112.31871213888527,3.654020319753252,1,False
111.86202515936768,5.126379579546412,1,False
93.8090712137202,6.938928999058285,1,False
106.52266044484236,3.9996686753944255,1,False
74.97772847229393,4.322255029475149,1,False
118.48054038413802,5.513907849658915,1,False
96.30195727114022,5.179581781939598,1,False
89.54553958961921,5.350630099273559,1,False
120.98018451673778,5.489187130147664,1,False
85.91312618914482,5.63472146856177,1,False
71.83077407272881,6.109699841956223,1,False
68.86741652952193,5.409818656928513,1,False
112.1201990269128,4.7587423453814575,1,False
74.39141295007434,5.672573701202731,1,False
135.0958836396873,6.899881934895216,1,False
58.36141184232556,4.867366253617426,1,False
133.92912736580075,4.025470695329359,1,False
104.22034934405237,6.107080669286972,1,False
98.06573776259216,4.879618836046402,1,False
89.10161826382101,2.827330453985964,1,False
107.9827222870414,5.847421677150422,1,False
99.24730595150304,4.464671814046078,1,False
122.06603764033042,4.909466717695839,1,False
102.2845529732408,5.331980330569015,1,False
103.00603522923755,5.190499679779067,1,False
92.72775575572288,5.70945181713904,1,False
98.86108752557864,4.564513629430157,1,False
106.15603537784118,5.513105798176083,1,False
65.7966321468675,4.740453322416083,1,False
73.03629155788573,5.738810480887503,1,False
114.8652818804543,5.615367484013054,1,False
103.41730876255885,4.064561297955405,1,False
96.3203332729464,6.085982116175032,1,False
100.36867866130788,4.464036554885952,1,False
106.95163410723342,5.808057798281145,1,False
89.20480639381277,5.367287313401341,1,False
84.43390549195375,6.838183676795122,1,False
103.91690510195365,4.776534017628148,1,False
80.43254444769936,4.650683203881803,1,False
108.16505511428944,4.980580394112267,1,False
65.9483279152432,4.696820217165724,1,False
120.58311274651288,5.79994190194205,1,False
109.45194964826086,3.3836893915634123,1,False
105.12059468627751,3.9463175808536457,1,False
119.65381967891028,3.932197078420807,1,False
133.30948888925153,5.950307591973576,1,False
120.2874013003626,6.710613372581925,1,False
63.182515373367096,4.8955507814625285,1,False
74.40846066528597,4.83117827680999,1,False
87.50362844608642,5.070052163113181,1,False
100.52182100421668,6.161878302608191,1,False
110.35318040938246,4.072646865809426,1,False
85.48512373693069,5.2383689827347855,1,False
103.73533528954157,5.975197629782429,1,False
84.89234135293356,5.5010941699398455,1,False
87.76964394016103,5.189581616598743,1,False
71.86677806303555,6.001046092567141,1,False
81.53533507778192,2.296767707000763,1,False
72.96630788767332,5.677875319530908,1,False
80.48253494045335,4.345924316872576,1,False
121.0728359321568,3.169367103143543,1,False
81.01202222336114,5.511202599524981,1,False
152.64764129674782,6.373658545162957,1,False
109.86635801761778,4.862551485372308,1,False
103.69672247389748,5.9528745472029385,1,False
82.83284439637573,6.612278257988645,1,False
114.00619758817984,6.314914453584048,1,False
88.48724347524453,6.639964529371393,1,False
102.44019629290725,5.7421274910718925,1,False
151.2016907653759,5.075433638901592,1,False
98.078802005507,3.3980341881028315,1,False
122.98546652571352,4.753937511870052,1,False
85.93647149748224,4.156753404683808,1,False
99.30023019006076,7.170942717497814,1,False
135.4160127127102,4.824114187567663,1,False
87.46065884424465,5.123204806784486,1,False
136.24897115993858,5.551485376040468,1,False
114.1550387091095,5.043602446372454,1,False
88.75066448211464,6.695051040430753,1,False
112.64815478111042,4.377350638265548,1,False
119.4510889925346,5.194607455237243,1,False
112.43619924434392,4.257529414301952,1,False
68.59550560219087,3.6799774887792944,1,False
85.45725648350263,4.388230909094714,1,False
95.0496272889699,4.962963202951588,1,False
98.51133141799907,4.57069777548274,1,False
112.41344195101355,4.307579020126144,1,False
103.55402001866508,3.593682536328166,1,False
73.29311282579798,4.9168944273713056,1,False
107.60395702011928,3.495279625968997,1,False
112.21171490567646,5.760055963689602,1,False
111.1958089586208,5.082439752934503,1,False
121.61561451109245,3.5424485005350697,1,False
116.67844309097808,4.6907909229501366,1,False
109.18360158456872,4.247843594409417,1,False
98.59668577082708,5.31917451041918,1,False
66.78078132968017,6.340450446023144,1,False
108.59236438265172,3.1248275303542554,1,False
104.15375374326224,5.115026079147417,1,False
105.43157674390748,4.83986720443336,1,False
74.46502848359381,5.671340076450465,1,False
78.37886919183475,5.213196628237689,1,False
121.06305706665808,4.248030668261181,1,False
99.2088969228669,4.680946064333382,1,False
113.63001394745248,4.203974143196511,1,False
100.56636752260924,6.076007138598598,1,False
100.59512278991492,5.021311648671942,1,False
118.76567611951997,6.901190685753008,1,False
89.67910543565252,4.93933918618538,1,False
101.92241553881966,4.291593233089538,1,False
90.75449422589917,3.486285607387173,1,False
91.31007545135368,3.1968603237440547,1,False
93.8165575306272,3.4158640569945105,1,False
104.44267543267426,5.267126651011483,1,False
90.42502756673044,5.508725023229934,1,False
125.11512251147042,3.418809297967867,1,False
82.10785395560993,5.895038314076116,1,False
96.2625671167728,4.516938948316561,1,False
91.2053788345165,5.146793011985549,1,False
128.93955768707465,6.612220628255424,1,False
103.93109553023147,5.896839315865532,1,False
120.6368907893727,4.731469352094168,1,False
70.28879253926056,4.1088077745847125,1,False
105.34100531738518,2.848184598670695,1,False
117.79261591246872,4.28084668075758,1,False
101.64567978550848,4.788869761172306,1,False
121.30960750130704,4.012820472848816,1,False
89.65423099799256,4.868743032907696,1,False
128.1869488037116,5.076851882958768,1,False
145.977962472385,4.775144018191922,1,False
92.74322879120682,4.349997419176541,1,False
91.08994957198456,5.168654671966728,1,False
129.067689542354,5.441940649569409,1,False
131.59144291461425,3.909600922557154,1,False
89.54279945693463,6.41093237974627,1,False
91.59626365808283,4.901411867715738,1,False
94.36430782278984,5.018849622944848,1,False
73.11098977931445,5.708214423256557,1,False
81.62696107031604,5.233216131263502,1,False
79.91718466495864,5.953136633913245,1,False
84.64404869791743,5.287124165201824,1,False
99.30630225226436,4.387562625359562,1,False
104.6842946507304,5.361503525206102,1,False
131.01000985628153,3.856273792679338,1,False
80.03291918522419,5.108559705776523,1,False
119.68644796953168,4.966770009355539,1,False
95.72022311548982,4.79188314272746,1,False
99.01072580695134,4.871462488561069,1,False
113.49638984333208,3.1181509545023607,1,False
77.54555956875403,4.451275092259039,1,False
107.64819492368102,5.092844901141115,1,False
103.32904416426112,5.1598563919974,1,False
109.84902528016298,3.9723248590740416,1,False
105.78337287815636,6.2657078408647005,1,False
149.1060027982179,4.1338251517855,1,False
87.24520031497369,5.969457200526737,1,False
89.38006089996365,5.427194361871685,1,False
87.53718947150472,4.353772690156197,1,False
88.8904576167949,6.775310892609512,1,False
87.25225745386965,3.80636316824352,1,False
123.78033062215104,5.919154173610002,1,False
128.4100849597971,6.000582318042978,1,False
88.58507412501048,4.329379790923355,1,False
83.35288853791542,6.392465300064329,1,False
109.42831112772808,4.749953485401047,1,False
88.95553911438057,5.288693629279857,1,False
112.65863635511022,5.260321838771221,1,False
104.058460417026,4.865691258529452,1,False
69.68511770005536,5.810808273159783,1,False
130.95010402660122,5.793488720552213,1,False
135.91755346191044,3.2514680267618195,1,False
87.74422619031228,6.304340242878153,1,False
92.24596880128033,3.3375080119643257,1,False
105.7173078144981,6.032546204341657,1,False
106.6891357997405,6.126705136827583,1,False
113.1708854534566,3.9090335697848015,1,False
140.204090775327,4.589185712045415,1,False
96.461055450119,3.894295331514064,1,False
84.03405510923092,4.785078969711265,1,False
72.41361543970946,4.691965715814259,1,False
85.38139920116161,5.77966053226934,1,False
99.33746054252406,6.310308746119608,1,False
135.89115727035576,6.395683810789956,1,False
89.64777401927657,4.437831973421698,1,False
104.47575903277796,4.790778126255472,1,False
99.67154207854496,3.31656180777905,1,False
123.76786546896167,4.194129933503811,1,False
150.53864851747244,5.9648516330974575,1,False
89.38262454159359,6.615582823548232,1,False
90.21121114963556,3.765651128120078,1,False
120.88321754138144,4.407535740847106,1,False
113.63782979252623,4.973594243041073,1,False
136.93414651472068,5.280161158819607,1,False
111.67856370651928,4.190396480078354,1,False
92.81415818425882,5.424061044464089,1,False
111.81309661384618,4.526160652929084,1,False
122.17407161165816,4.985547729121721,1,False
116.40964362394728,5.546284248003699,1,False
110.14548062214595,5.006422269810938,1,False
121.33349379178308,4.563614109473432,1,False
123.38591180891343,4.890390196074169,1,False
127.64317982075056,4.911637040794664,1,False
112.97419775179286,4.629988970117872,1,False
96.65763839366292,4.741203937332898,1,False
102.93427372866644,6.598647170504717,1,False
124.13017933016714,5.560919447941239,1,False
83.66128658025528,4.704519681970839,1,False
107.37346617745804,5.696954404510736,1,False
92.13322375345278,4.66618051024399,1,False
100.57489645869634,6.173124637586641,1,False
125.56903725214598,5.369642192198094,1,False
103.82198136039808,4.892697855995771,1,False
100.92873096312296,5.447716925810278,1,False
72.80287718040162,3.4291238479315007,1,False
114.92507132054442,3.8732325310901943,1,False
112.9096836228215,3.806074993600944,1,False
143.2650944661092,5.142943094763707,1,False
93.84443530093998,6.732514999485092,1,False
104.38300655327878,7.231300146192632,1,False
104.9876736742151,5.638051101440757,1,False
131.5490655952695,5.500844474944457,1,False
98.09408935226097,3.1989422658472613,1,False
105.5804305154068,4.457326200265978,1,False
112.1579301943308,4.212216248091761,1,False
103.73218246312716,4.379152401748884,1,False
91.07132770898944,4.83185618141521,1,False
103.88179985796616,4.527909422302873,1,False
121.47263499719544,3.020700189624212,1,False
79.4696940117788,5.7479102561175335,1,False
102.65939348293752,3.927256974260193,1,False
85.99758370121654,5.239246864111149,1,False
123.90093257849684,7.0740826697499735,1,False
69.5362619043245,4.080615408413577,1,False
88.82156305456823,2.4697124772536703,1,False
107.5442375012904,4.713995778119889,1,False
131.3104805846868,6.100959634998571,1,False
98.68499477854024,6.958347454220593,1,False
88.89600946613604,3.770450405547584,1,False
137.6231413888118,5.496699223236522,1,False
71.03972199167512,4.5346895432199466,1,False
56.023880867598365,4.894051645695864,1,False
108.80028900106664,7.644343347017035,1,False
89.95891551294778,3.497029671604847,1,False
79.57534365738573,5.253739661494573,1,False
114.16712894598706,5.467693171765434,1,False
104.87601427542398,6.085786324939347,1,False
88.71842738526543,5.097983153470896,1,False
74.39391202658211,5.308050539504102,1,False
117.44914656560287,4.608351432578209,1,False
113.00402355917322,5.269126941245108,1,False
98.01648272441234,4.656807724502589,1,False
136.9327399209533,5.6215718898560505,1,False
78.59830467347695,4.630389663956366,1,False
69.48949658150522,5.377100393902187,1,False
86.16183860237511,4.970737186315022,1,False
99.08827967289004,6.126050250772169,1,False
104.86678898645384,4.948606276411514,1,False
95.1752788428734,3.2269675317931186,1,False
107.04110793028592,6.261921500713992,1,False
74.96921151619112,4.094267699137381,1,False
128.8752920814652,4.34623366135118,1,False
98.35697643214864,4.404338705956508,1,False
122.34591663176256,6.374438093170817,1,False
106.85450692755408,2.8643257860213045,1,False
109.13506438307569,8.137748533659995,1,False
111.39534560464408,6.056056809066051,1,False
108.9541712003463,5.223238914129159,1,False
112.85445519735087,4.945105999383713,1,False
126.58305060264864,5.285554074857657,1,False
103.9304233940294,5.521122428379338,1,False
114.18007515177024,5.645215585950057,1,False
98.20528611425549,5.555604466003448,1,False
128.80234430898946,5.089580681255248,1,False
86.4721539588146,4.802661579692674,1,False
136.0188086582163,4.848726716346488,1,False
99.19684098711312,4.805091719647319,1,False
71.38449795763904,6.133770096867065,1,False
102.56208829821578,5.593556722280862,1,False
86.37896685050238,2.05961136533572,1,False
116.81287097977447,5.655900776529761,1,False
86.94752041395218,5.194736194718775,1,False
91.0763313357044,4.981291243554103,1,False
62.20918538108938,4.611481546911114,1,False
90.95387361501848,6.124112719986013,1,False
51.52241346742087,5.947526462122858,1,False
68.32194353028554,4.227122332176391,1,False
115.20829312288596,5.407052287124535,1,False
115.71600317301665,4.028343265458714,1,False
108.50915123569928,3.620381835211069,1,False
80.66047713741574,4.3732827754100345,1,False
99.0457728771604,5.862393472382759,1,False
99.92794921818864,5.953125045376087,1,False
76.83270621614915,5.513085420097293,1,False
130.067966035343,5.725095786847997,1,False
117.54724581151342,5.516178287114959,1,False
95.58071652340672,4.358518404777048,1,False
100.53771677989062,5.431922544673941,1,False
104.16765615895105,5.800409525227682,1,False
59.16530263151419,5.754291329813574,1,False
95.05645234958806,6.1889133714746425,1,False
86.36031504004403,5.708303847201064,1,False
79.96759980210169,5.351448207541583,1,False
94.3779941422809,6.070150238316428,1,False
135.95373053699046,4.97347874075094,1,False
112.8168572253402,4.118125348772282,1,False
88.57642020434406,4.836933036056236,1,False
111.45165562712316,4.255097355193551,1,False
703.5532445628138,17.69017263466572,-1,True
533.0049220701208,32.52184938246462,-1,True
674.4102669847397,42.80804405717621,-1,True
555.4990493956574,39.74802670433444,-1,True
904.117605004611,16.75791040123908,-1,True
973.8440129822354,17.551564237876622,-1,True
536.1582376289693,29.100564892142295,-1,True
977.5576036458508,25.33516729167801,-1,True
761.2882996683726,23.133451306961675,-1,True
649.782838976937,24.83515746180497,-1,True
