Transaction_Amount,Transaction_Duration
109.93428306022466,6.399355436586002
97.2347139765763,5.924633682912769
112.95377076201385,5.059630369920174
130.46059712816052,4.353063222294426
95.31693250553329,5.69822331361359
95.3172608610164,5.39348538542175
131.58425631014782,5.895193220027732
115.34869458305818,5.635171801681969
90.61051228130096,6.049552715319335
110.8512008717193,4.464764788439432
90.73164614375075,6.317394065634326
90.68540492859486,5.1975996046924
104.83924543132068,7.0752608726252655
61.73439510684404,4.310812181910432
65.50164334973934,6.73596380316525
88.75424941518054,5.197910783462648
79.74337759331152,4.348581996385551
106.28494665190547,4.5161141659456785
81.83951848957578,4.67965269180568
71.75392597329417,5.424165946401916
129.31297537843108,5.5228354880355
95.4844739902693,4.426299996061421
101.35056409375848,4.975645407739017
71.50503627573087,7.142270358611864
89.11234550949635,6.727543170100711
102.21845179419732,5.4363236696740325
76.98012845155395,5.0380034781682
107.51396036691344,5.120031326718261
87.9872262016239,5.613517972730417
94.16612500413447,3.9772074348015947
87.96586775541206,4.742623462576655
137.04556369017877,3.3314159261224106
99.73005550524132,5.399223122605279
78.84578142088199,5.647195939702741
116.45089824206377,4.516813537700626
75.58312700057955,6.573986763290033
104.1772719000951,3.774234336997659
60.80659752240449,3.53562511979018
73.43627902203139,5.224451818559972
103.93722471738246,6.047098302612154
114.76933159990821,6.6839276914578685
103.4273656237994,4.54111573713106
97.68703435223519,6.078680833431296
93.97792608821422,4.961491530499293
70.42956019265145,4.82737270005918
85.60311583210583,5.883659937486672
90.78722458080425,5.65232287841342
121.1424445243783,3.4236078430157506
106.87236579136923,6.476540349725896
64.73919689274533,6.380091354147451
106.4816793878959,4.374437298490471
92.29835439167367,5.395803533437409
86.46155999388083,5.494030186282739
112.23352577681736,5.260673765823907
120.61999044991902,4.44969484615458
118.62560238232398,4.328376632061948
83.21564953554723,4.974445929008555
93.81575248297571,6.172729019259364
106.62526862807128,5.543600154594432
119.51090254244718,4.629385667913894
90.4165152430942,5.771698710648344
96.28682046672365,2.1514573793699245
77.87330051987944,6.1487657003721035
76.07586751838659,3.2602862212219
116.25051644788397,4.637559058596868
127.12480057141646,3.880330105373856
98.55979756839332,3.705318524279094
120.07065795784048,6.16082678737852
107.23272050095268,4.5322987986881085
87.09760490789752,5.346503881730715
107.22791211016828,4.953079421120816
130.76073132931938,5.477040827223122
99.28347921780097,5.076821891060256
131.29287311628013,3.7170077758114304
47.60509791820511,5.99626681944714
116.43805008750448,4.506243416838688
101.74094136476343,3.443418101340249
94.01985299068265,4.571884839034087
101.83521553071004,6.50075979063431
60.248621707982146,5.850221742113493
95.60656224324975,4.6513478655921405
107.14225143023492,4.650742295681571
129.55788089483033,4.678364948782617
89.63459563452705,7.076747983560841
83.83012794213624,5.381935452231553
89.96485912830927,5.43004164719107
118.30804235404148,6.030283454031842
106.57502219319369,5.238789159026513
89.40479592465923,4.740957854179297
110.26534866226712,4.803650150915022
101.9415509869608,4.928398740585936
119.37289981065778,4.962777763490158
85.95893812245295,5.72762954363698
93.44675706804463,5.051945885807299
92.15783693735685,5.73264007721558
70.72970103735763,4.919283419891418
105.92240554129152,5.07863519031609
105.22110544359779,3.0017993154678924
100.10226913284922,5.916327674702481
95.30825733249706,5.346488475897993
71.69258515899172,5.998010109859652
91.58709354469282,2.1037446218063107
93.14570966946461,7.088374704780728
83.95445461556761,4.860410371844826
96.77428576667981,6.108182816737516
108.08101713629077,3.960094072874469
137.7237180242106,5.61277390506257
103.49155625663678,3.9465844368263436
105.15100781445528,4.376231039304195
98.51108168467665,6.914031353866786
61.62457569401917,4.809317599236653
99.46972249101566,5.217432873179723
101.20460419882053,5.8700677306887545
149.26484224970574,5.495681887972605
96.15278070437755,5.150418905143576
106.03094684667225,5.3649610024662255
99.30576460589513,7.403415585238275
76.62643924760935,4.9423812029664145
122.85645629030041,5.201099046714967
115.03866065373549,6.050654396007612
115.82063894086093,6.105525932957984
81.81225090410521,6.187030305560381
128.05588621872198,5.638730222029185
71.96297874415438,3.8569950872695165
111.73714187600541,6.6334315323010955
143.80911251619958,3.853654606981312
80.18927349738624,5.3026354652390335
88.67404540794456,4.245724149980642
101.99302730175282,4.935861653407008
89.93048691767602,5.32876241030348
68.98673137867735,5.3213572154502735
101.37125949612054,5.421920754235285
78.7539257254779,6.613711269058647
109.47184861270364,5.453534301513979
81.61151531532394,4.755843364709351
130.9986881003508,5.964087168288358
84.33493415327526,6.18947048892464
93.55876967588648,3.7723921848630075
116.27034434739339,5.597400069849858
75.3827136713209,5.701172742310899
104.54919869208258,4.702436496640008
126.14285508564856,6.37570681331162
67.85033530877544,4.849944412967473
103.69267717064608,5.125576453471543
105.19765588496847,4.82692817571613
115.6364574355462,5.015579047581467
75.26098578243835,3.9037249131047984
73.59086773831447,3.5599491174057056
110.43883131233795,6.594505063224972
105.93969346466372,4.153038651681673
105.00985700691753,4.008607650543693
106.9289641899395,2.846609886396285
86.39950556843019,4.361038252310498
104.64507394322007,3.6769102065925017
105.86144946597362,6.642015160136369
85.71297163947264,6.009817089342635
137.31549022289514,4.311849654822276
109.47665841823576,7.252435805344309
76.17393005594703,5.981765486991594
113.1310721726766,4.675168616491377
80.50636659545357,2.500594285126427
115.74169207484904,7.290942572590742
123.17191158014808,3.610427533236404
83.5863536329658,3.354601253043108
119.26752258488644,6.0225704320096405
108.25561853872996,7.439752406339273
116.4412031998898,6.384272818510518
137.93585965307895,5.56390912005236
95.09223767994258,5.594754341665286
84.9252767128502,5.853415558780307
82.20971140748954,5.758928589786765
83.68379430069123,5.281191423969376
98.45796581171791,5.104201103951876
106.82303949633288,4.937406872100477
105.53381598660039,4.246035411133324
116.54366498072048,4.719324923133226
100.26003783755814,3.3070431858046145
129.07068154314635,4.90166037320525
94.70686333524088,4.011408892849083
154.40338333179238,3.896410682784229
112.51334695530012,5.179894151153478
82.85684887167434,6.392002286344599
78.58215003877775,5.918316606002313
109.64944830486371,3.4294993963768228
95.53074429348298,4.010371863429662
114.28000988184183,5.940771187988216
109.4647524914709,4.017512606461691
98.54342174686255,4.775366850002976
83.06412563863191,5.550052099024552
69.70305550628271,4.031655545136365
91.06970095865958,5.10537550614596
117.12797588646944,3.6659745050817953
104.28187488260409,4.398632356048786
75.08522442576023,5.3197819341425365
103.46361851702363,3.407006266468331
107.70634759457674,5.440474737960399
82.32285127597734,4.980362201073318
103.07450211891056,5.5524899544171475
101.16417436892,5.223914134064661
77.14059404338754,6.364140429973844
107.15574720696567,5.1252245026479075
111.21569052736469,4.570594458874747
121.66102486350553,5.122297503032284
121.07604104069806,5.543298029036388
72.44661264085818,5.048860070325705
81.24349920169755,5.040591691203883
110.3007053441732,4.298008312193245
110.27571901824417,4.337099082449052
110.30095372612095,3.5973947282003067
177.05462981309444,6.749576743186939
111.41781021386333,3.7561367646087147
122.71131280361197,4.307094802204093
119.08003526986406,4.281592734430802
113.02782502611596,5.8949243769444415
93.69461510719309,4.705050321707972
115.17938440986535,6.247742072673734
84.54349570924856,4.326509375756132
95.26362786519982,5.278994162223802
90.29272904341794,4.164652946740243
101.63748278772646,7.145149127773388
146.29317133347018,3.812401580970487
62.65469614816504,5.309820710227028
113.72520380749027,5.633776880932098
67.74568257620697,5.4137990974514985
90.56136268421133,4.814712341122291
121.77901193934733,4.870179300266574
101.28560038190926,5.04381147197911
78.44510444141387,4.852997998371511
85.69392581480064,5.96387911679491
113.59195497869352,7.210523001591351
85.39266736565727,4.442508214992166
104.3291717916395,3.630197020420922
100.91143679807628,4.911717951648745
86.96799304788365,7.579709337654318
142.8788817865065,4.196325432030269
112.67838044636022,6.6391168054440675
59.49714826684786,6.677700814076441
103.72908629538856,4.4464117582920055
86.76427070463224,5.5689830791852755
117.04866669592448,6.628396623128538
84.14958523134598,4.620872259012513
97.70527117066202,4.796419639897638
110.09974557960915,4.418319086051357
117.31510388340243,3.985243269307133
75.99407185888447,4.350722454933993
93.30997528318103,3.7760597332377435
90.50109377678088,5.034083468259226
86.93341534852576,4.230026768941358
135.30908480562192,5.233785911790748
108.09963421921911,3.444104353796373
74.78232091329909,5.330880232214457
118.35723894109552,5.833528961608924
142.44312394025266,3.0062643574285444
120.64930521102293,5.374056569847572
69.61260068091974,6.227668992473292
90.31531854267497,3.7903589813087946
125.33822298373245,6.672572386837704
85.84661068762438,5.419019009366045
108.87638856292457,4.294988144241591
115.49268106858673,4.944230922342294
81.46139056843833,5.558326912521722
98.809492878764,5.076005391412411
35.17465319861854,5.538755992446369
79.51224717331421,4.079326406920634
94.9486369721368,5.169360824036078
75.04433636070301,3.58628550309502
132.64822607863272,4.888773938651299
71.39717244078734,4.09609235853521
91.19911026606033,4.264470057410233
102.61481154572182,6.236093175210438
128.82546578132232,6.091310120594269
71.2827569764112,5.609138120907177
123.26327504309918,3.907687235327421
100.20466122039174,4.683591550305198
80.36982697904098,6.213097699979183
109.24206948526542,5.141716913639905
103.9811939114694,7.319329539981695
87.9956624568241,5.3933178393943715
101.39604169980038,5.192049116490032
92.2937280627648,4.690883535797498
102.27034690502497,5.133540904782282
113.24261349042094,4.8475301636194565
131.72033632290703,5.708108676688591
75.24369002346302,5.956702316794584
142.66066749312535,4.21401053949205
60.958244009549965,3.668767046442222
96.96429809928833,3.1637946268967037
111.76634412969153,5.507991326912544
105.61983735470065,3.8966333938261264
87.54600960358812,2.847109407047517
95.83755499285449,5.388578604530964
90.13998130682334,7.492999517432791
88.21270486111577,4.993929088460106
116.99204194042049,5.838490774451642
107.14030971930094,5.081829358547565
86.14180809478691,4.901110346808857
117.99199750866501,5.9190764829877685
106.14599041753219,4.709725455811348
116.2572423767792,5.267392314071903
112.59257683847224,5.321697806196013
83.42009978155855,4.331909546356951
88.79637919606061,5.992042349536523
114.94587210246523,4.825040243304591
112.2074053086693,4.244254840507155
99.58196812071704,5.536509843570403
102.34654766617564,4.101532018208963
125.5532979157685,5.028181157369128
88.1685722232834,4.990881003355796
110.94194762340075,6.085895565831578
95.95614695132213,5.474698232879953
95.6463759354556,4.974973041254856
121.9755370397438,5.817766299200287
116.5083269797606,6.390207549017314
116.27019272001277,5.557810306351862
126.10957614308658,5.01035261984338
100.42007683265518,3.6881637676498404
113.63905942589928,3.9348863369246274
93.79466486813088,4.694775295645332
106.48332704976885,4.390487797840716
97.39713891264631,4.813028697014554
101.93991929985437,5.0566499248971075
111.90314050873828,5.529692754356731
83.63558633533054,4.9295012219409085
141.8477455137092,5.486501643826202
79.87965237000596,5.06447441481012
75.71622774424536,3.0245334336461287
123.16221747000135,4.060664606181246
115.83325387925872,4.855912444278385
112.4823963410431,3.7903052571588924
112.5669101852856,5.599928729996204
99.7550645430617,6.530750832343697
82.05491257028336,6.218761851697317
101.51609116387452,4.786557129069792
86.45676576975777,6.490726136849952
119.50239466835502,5.148667457202111
97.05885236995722,4.662914028881961
83.49005606414977,4.38659733645906
93.57228316694014,4.697530313511872
108.25862908551248,4.611823181458771
88.7255089439205,5.170416222375488
83.55559208867137,5.160573981049865
104.87374422983825,5.003046020153414
104.89933142217446,5.43693816974635
89.8611364925774,6.190646274786341
90.57923388763355,5.949554135441324
104.64099874715272,3.5151020315500965
71.03831317005351,2.446078865098045
71.8507245124689,5.934319911239274
85.63111557495128,3.6331213015845787
95.73105696576306,4.775234598107317
106.2181513119601,3.8298869739406403
129.50712433899105,3.1980195624199803
117.15319246404039,5.541462728204788
96.80122940073146,5.7591551603026465
99.61967584194622,4.423489599273281
79.94941270724382,2.40895770785509
99.6297372801522,4.453755551747517
94.22682722159723,5.3918040054025465
106.45437120676179,3.5210884312258712
83.45538112895355,5.183359919779155
110.38693028482345,4.984690150827005
130.65477826005156,5.579291499601088
97.82479703086285,5.119580368414153
108.03423444197882,4.026931059118445
113.80287983422225,6.196571501664492
91.97559056228327,4.84147042697303
104.48184963620834,4.972695460490068
100.2518480156359,4.066732040926804
101.95352197097664,4.55671774880849
84.53980432289067,4.115197285973099
100.49020348517885,4.827053940076577
109.95996582490899,6.7117084801423434
129.02287215590084,3.6280988570686437
119.18541652170414,3.386438602123259
143.06364915023113,6.471170327493608
84.65304874223901,4.7906763228481335
117.44641273441357,4.330927261340084
103.66684011476704,6.039904687396076
143.79605866435344,4.394384460263136
83.83403429289697,6.826009713546936
83.20556315638447,5.677925871339269
88.01214709111956,4.5120885918542974
57.52208551380386,7.1573082132655035
89.48489956638478,4.3942850769966615
84.81734676892604,5.742095372009307
103.00787572952416,5.299292580406492
106.83511951554318,6.301741289398798
137.52341678431773,6.561511196726853
119.008476763721,5.0320041490657665
88.46192688675194,4.246582129653817
82.03170657303284,5.459972142939116
109.83838343013011,4.322284630247894
73.59533585958715,7.013387247526623
136.62917531708706,5.1365353310827375
123.58880241442574,4.634678448687891
90.6164869579059,5.184680305864909
65.73730941818245,3.6528737104703035
127.07744748330825,4.028385961489349
97.70920309494764,6.200413907944426
124.75632623946923,4.343105721028604
68.11144682411266,3.95308901731806
88.01249954092454,5.536652752527286
100.10487399436366,6.1857041546629965
100.93961187529484,5.718953310665067
90.99869057041512,5.9960476858058165
112.45699864694997,4.2432049114305395
78.6475914123481,3.5781893332581562
97.15241029957413,6.501333651955487
102.40591263423798,4.677320161157864
110.28877668117498,4.749166983544953
114.2322975617778,6.328194141849058
77.50715816324262,5.55623000940066
69.31771658528756,5.455887772081607
125.55353643797018,7.165002344901084
106.64628023959183,4.356481769619857
85.03026926886892,5.927840128081237
131.02303951045047,5.057013124897084
102.31349268585717,5.268592278863257
123.58594368127653,6.528468426412532
101.35036962820217,5.507835756289624
141.21495849763974,5.538296079049633
135.10681684886407,6.072507337309802
95.02071703041852,4.635047270457115
119.43141901908712,4.160790332660993
112.90751899170294,3.955190805978966
127.37263115064698,3.0336434106239984
80.70153078839792,7.056207129940322
113.72102919996878,3.896791634278317
121.16848973699176,4.778746376414228
64.82521027153771,4.723186700111079
76.3348297466845,5.307406697809101
59.21535644479799,5.815737212539297
94.61186331110885,5.860473488359745
114.35084511591924,4.416922561431061
130.04714104192055,4.832878286213589
101.4818956083955,5.2825799504883
132.57231091142583,4.751308873816453
72.39797083570217,6.607345576019993
65.9323512128969,5.490974951638251
98.88904602206762,5.734877786049817
107.68130897878615,5.662881268667412
99.34610503811814,6.173473857485325
58.65115799920247,5.181021558703707
98.21759920974424,3.7031680520441537
73.91060998990294,5.399687951752641
113.39345097660077,4.348643106208171
107.33196492193696,4.471383318250243
81.2024042734529,5.586364018755093
89.72266165326613,6.238283071433636
78.81572956222097,5.021271576736062
98.74641805453656,5.308833012598964
119.10284641002477,6.702214944635238
80.28547907328912,5.240753179488569
110.08093031035689,7.601683114180394
89.39484763255118,5.565509645631544
84.14254335475312,3.239237240844182
97.85939280090885,5.753341621104532
79.29515355161251,5.381158384882777
88.92701389305635,6.289752754082746
76.04244214822303,5.6731813512699585
139.2945026583278,4.861544016016226
100.70527103943458,3.775701763710634
86.00548984014829,4.7909767427139744
104.27959821468444,4.1494795457907
97.7534390061834,4.419476550195277
95.58060800933553,5.58857840442061
112.2833340008685,6.669904504351406
115.1501542009461,5.394671529822981
89.38997704778944,3.8041169379648156
88.4836351871064,5.44460266822014
94.49896605696712,6.196631486645651
53.9615767052883,4.390217095680618
69.69617875602896,4.865982833327083
127.3374853488905,5.014688194729197
132.89935427002567,4.21510168691776
95.01927920887243,5.648280433843859
111.53113926111533,4.8790518513922185
106.22500309087073,5.419532443907028
161.57761616910477,4.1125078221979
122.39149822869153,4.56254169967659
97.44164817038467,5.722381357827771
80.88919118799149,4.627166847908233
67.87107359484855,6.726963851233405
104.06927271734446,4.600363814385398
84.87298509431393,5.224684725751886
71.55492580804652,5.93259083187309
87.06854231514947,3.5816342670669683
78.3690399277121,3.239191188019224
133.74283270145128,3.474343685429905
117.63279513898901,6.262584103427182
99.84054717366766,4.448141854107553
129.59888277780053,7.558199285668252
101.54736615295236,4.4357524013426115
82.77431597343472,5.184551303197037
130.46248154539313,6.542109952567875
110.77820087369318,7.006092888159123
79.25507691347087,7.061503576636397
96.19322643832784,6.208366230593143
82.48763493230486,6.024062525811463
72.34400538071327,5.592526949201183
118.52355095063282,5.778361076166638
138.1883328094026,4.448814283671466
72.02864852361718,4.1818011165776925
111.25938473381142,4.996625542589048
86.98714861756346,4.829815377475072
90.25749232470608,4.546771950672725
88.15212151522262,5.696387447456715
82.72018460640368,5.955305208570511
100.97043255889653,5.088406886291847
83.38099767177924,6.477530081055262
105.40913651559677,3.858310885866495
98.99523781101726,4.8063405407202815
95.2210390626718,4.283177679397195
81.84872675916804,3.13346338292694
88.46457338863334,4.917319314157301
115.10782451651512,4.878252491616716
110.01834375248761,6.5134497432421306
80.44889510402898,5.630811684554778
101.98664610858452,3.975813175670795
115.02774246743579,6.854092566334188
66.61189437757257,6.221033695525353
110.8672038475987,5.582097703468616
86.74752482108306,4.773515901150168
111.41197337186318,4.04056076327652
84.73481686914967,4.627793223928947
63.90235798670962,6.088748619704186
67.44915124233674,6.884586305934609
100.96169893322764,6.543243528272189
105.19445003442964,4.511150578213726
81.91366749791183,3.880382566710989
112.77184917554747,5.1408862469112035
66.7695987546208,3.231560634437148
98.67840402705367,5.323167714184781
75.77967600475087,4.852397413701332
86.96327784395682,4.533963498131758
100.94797342632828,3.4052969327332043
82.79173269432096,5.513600106569717
92.30888911540349,4.467299160338088
120.1258561842888,3.8300831642897117
88.46216260953702,2.1277377867183507
116.71384224130284,4.972485094949364
77.40586290684763,6.772251596669744
110.59608355830565,6.66125921454787
128.83137241315802,4.542903743413728
50.56710999745421,4.39778793963822
84.06209489059046,5.468774256075024
111.5414425436108,4.001614560811708
95.93909227914014,5.301791899819466
107.42291746742617,5.76608027838469
87.92029626568359,6.226933223884307
101.731795749458,4.899845923520047
96.88645529215842,4.796326249823034
123.35564123319614,4.122017413243439
105.08841686602426,4.17311964596014
106.75205324150404,4.773521108098473
91.76246067755065,5.367365506816178
90.24787551855013,5.913584626233249
91.34883624360758,4.196821049319655
107.88904284756593,6.4926885689595215
91.58031038359474,4.728876398957431
105.79549713792827,4.978632705651564
141.50801597290877,4.252788320852177
117.42249406863385,2.5757597397270584
93.47952935664318,5.884045396361049
124.02427844327889,5.736843897092434
91.83849253956897,4.718672442881787
59.23750929644292,5.066990717224872
79.83827378165192,5.5159392177041
62.58416157948289,3.4374541431134573
92.96973031917383,4.470947322653705
100.36836758379103,5.794264679621827
133.52874624550566,3.7457105768307506
106.53854747528325,5.293557932166629
95.61798942382272,3.643418195376595
116.58811162366979,5.466429982433526
55.7772938198423,4.964358517702516
104.71229116217131,3.3848681840944908
115.41730387773933,6.164739354457171
70.42827508440317,4.265408423201951
122.87508086413858,4.189747562985619
106.76992814988829,5.2005691972309425
91.69424172198397,6.148637349428715
112.6556373221257,3.984178181021603
145.41385715608791,5.061679849847971
103.6373251011699,5.428816500330573
104.96441172600672,5.693105607263144
90.81278200919512,5.176441555277226
83.00311261070416,4.632972160916678
116.60671633088491,4.17240977935128
82.87832348182266,5.0861438830463745
101.43132474438785,3.927860988014393
90.44685106469767,2.0786495165053926
109.57959651492784,5.4365598041576675
106.67324210573896,5.903934841086195
120.75079888515799,2.6370675644581616
89.79967202290506,3.9902692952900622
94.60250129413258,5.619154261005198
80.42472568435386,7.057495469711698
91.11413479847776,5.020793707675408
107.54600986089704,4.271997058770865
115.13977233290704,4.81710355889516
81.5566935164475,6.374876419148185
117.3921184021132,4.354035820875465
127.11275717609902,4.200807993349747
108.26869806447402,4.517256477817968
137.53591625116132,4.046671391741287
84.52421601792854,5.122670315994796
75.10690593377166,6.62467845846956
64.42559502191443,5.323079273116029
129.92088622978366,4.7476464978737125
113.08731312708116,4.708188731084456
98.8883065817909,3.436809191303343
105.59937252639641,5.883109777147159
77.49021905403247,4.922162802987198
148.91503959233654,4.819520086409375
102.58442363950455,8.19310756784486
102.18789589209786,5.298752908365686
114.51533247797384,4.248208949904816
109.62018463473427,4.573642403794457
104.47768048558262,6.148445709196755
84.19051089109377,5.113270410537765
109.42936714271991,3.561722021682633
137.6404899295007,5.919228934575203
126.90840092309955,4.331855914461006
131.86373253278794,6.873297776217545
89.7756864713763,6.0800480657146485
80.20790359482838,4.552678104341249
97.48426159800704,6.281016361735113
101.11449824577389,5.067855510527403
121.88383036941897,5.8527736751222195
66.15070740570361,5.484732817294475
130.59100638921228,4.153643345009127
96.83984202842021,4.356450167682538
91.4623786010516,6.029960817581161
79.75791249479664,4.665224667893459
66.90286656268461,4.596351536758004
116.46341167923829,4.044877420650647
101.46635934376808,5.423599065593461
74.20078200517892,7.062524919243145
74.09842455872769,3.932467085745727
93.28430601419744,5.024219456672758
133.38043050578784,6.412220555415429
94.8081729727279,4.9203586087542845
69.93714093763788,5.452371796249734
95.08513871828112,3.9376064718531203
94.54552860504658,5.428307097207648
46.06226714116857,4.812855734995451
98.91410266964375,5.985729995679863
95.38130939582643,6.187386051564751
113.92412729626837,7.589563642018614
136.9791218989069,5.579633173213575
122.53130059095514,5.325796316582166
94.62222618890338,5.194384301577336
77.86948182516659,4.6468337071893115
151.4671960649972,5.338483843461691
101.18436868028977,4.704598589860971
100.27858583825892,5.168460976269614
99.51749825779993,6.31759753560796
103.9616952153571,3.9934574347203586
97.11279176152115,6.139878561129045
88.52675986239527,6.3171150673398655
89.06282117519216,4.881931473008922
99.34493459568003,2.8781451009914054
89.1315045773247,4.392178012905568
85.74308434645671,6.296994546561109
102.12860455383793,4.977131937701118
94.90045565158289,4.0006977677050894
130.0798597716538,4.4952250787717825
46.980603832139764,5.840620026504553
121.83013703844924,5.546733568201379
124.92170384995258,4.761067900830306
58.53219535183701,4.6331755881853125
93.14624811839303,4.608241850956178
92.57118268008418,4.077589815501497
71.84976610564357,6.615375689469442
84.4436662481825,4.6776795307886605
77.78848309068343,6.217158520825496
135.04540886847246,6.521316051922451
118.71356786294922,5.9983108981479605
125.43110189988317,4.5683796872819515
114.4334412808647,5.40373009033661
77.41896457565542,4.975804393609084
89.50959467440452,4.096298139269872
109.78749122455837,5.324359281721603
75.55744382216109,3.8209602088401975
114.25996860344776,6.1876793884615635
95.1934920368373,4.535382702701607
92.50358384900805,5.201159655872839
114.21919936406982,5.283287871546142
108.8852662297208,4.741095026295922
92.7806766836184,5.586693801475275
123.18659606728497,4.525096343377475
78.37873344800205,5.871297297457244
112.31871213888527,3.6540203197532515
111.86202515936768,5.126379579546412
93.80907121372019,6.938928999058285
106.52266044484236,3.9996686753944255
74.97772847229393,4.322255029475149
118.48054038413802,5.513907849658915
96.30195727114022,5.179581781939598
89.54553958961921,5.350630099273559
120.98018451673778,5.489187130147664
85.91312618914482,5.63472146856177
71.83077407272881,6.109699841956223
68.86741652952193,5.409818656928513
112.12019902691279,4.7587423453814575
74.39141295007434,5.672573701202731
135.0958836396873,6.899881934895216
58.36141184232556,4.867366253617426
133.92912736580075,4.025470695329359
104.22034934405237,6.107080669286972
98.06573776259215,4.879618836046402
89.10161826382101,2.827330453985964
107.98272228704141,5.847421677150422
99.24730595150304,4.464671814046078
122.06603764033042,4.909466717695839
102.28455297324079,5.3319803305690145
103.00603522923755,5.190499679779067
92.72775575572288,5.70945181713904
98.86108752557865,4.564513629430157
106.15603537784118,5.513105798176083
65.7966321468675,4.740453322416083
73.03629155788573,5.738810480887503
114.8652818804543,5.615367484013054
103.41730876255883,4.064561297955405
96.32033327294641,6.085982116175032
100.36867866130787,4.464036554885952
106.95163410723342,5.808057798281145
89.20480639381277,5.367287313401341
84.43390549195375,6.838183676795122
103.91690510195363,4.776534017628148
80.43254444769936,4.650683203881803
108.16505511428943,4.980580394112267
65.9483279152432,4.696820217165724
120.58311274651288,5.79994190194205
109.45194964826086,3.3836893915634123
105.12059468627751,3.9463175808536457
119.65381967891028,3.932197078420807
133.30948888925153,5.9503075919735755
120.2874013003626,6.710613372581925
63.182515373367096,4.8955507814625285
74.40846066528597,4.83117827680999
87.50362844608642,5.070052163113181
100.52182100421668,6.161878302608191
110.35318040938246,4.072646865809426
85.48512373693069,5.2383689827347855
103.73533528954157,5.975197629782429
84.89234135293356,5.5010941699398455
87.76964394016103,5.189581616598743
71.86677806303555,6.001046092567141
81.53533507778192,2.296767707000763
72.96630788767332,5.677875319530908
80.48253494045335,4.345924316872576
121.07283593215679,3.169367103143543
81.01202222336114,5.511202599524981
152.64764129674782,6.373658545162957
109.86635801761778,4.862551485372308
103.69672247389748,5.9528745472029385
82.83284439637573,6.612278257988645
114.00619758817983,6.314914453584048
88.48724347524453,6.639964529371393
102.44019629290723,5.7421274910718925
151.2016907653759,5.075433638901592
98.078802005507,3.3980341881028315
122.98546652571352,4.753937511870052
85.93647149748224,4.156753404683808
99.30023019006076,7.170942717497814
135.4160127127102,4.824114187567663
87.46065884424465,5.123204806784486
136.24897115993858,5.551485376040468
114.1550387091095,5.043602446372454
88.75066448211464,6.695051040430753
112.64815478111042,4.377350638265548
119.4510889925346,5.194607455237243
112.43619924434392,4.257529414301952
68.59550560219087,3.6799774887792944
85.45725648350263,4.388230909094714
95.0496272889699,4.962963202951588
98.51133141799907,4.57069777548274
112.41344195101357,4.307579020126144
103.55402001866507,3.593682536328166
73.29311282579798,4.9168944273713056
107.60395702011927,3.4952796259689975
112.21171490567646,5.760055963689602
111.1958089586208,5.082439752934503
121.61561451109243,3.5424485005350697
116.67844309097808,4.6907909229501366
109.18360158456873,4.247843594409417
98.59668577082707,5.31917451041918
66.78078132968017,6.340450446023144
108.59236438265171,3.1248275303542554
104.15375374326223,5.115026079147417
105.43157674390747,4.83986720443336
74.46502848359381,5.671340076450465
78.37886919183475,5.213196628237689
121.06305706665808,4.248030668261181
99.2088969228669,4.680946064333382
113.63001394745248,4.203974143196511
100.56636752260923,6.076007138598598
100.59512278991491,5.021311648671942
118.76567611951995,6.901190685753008
89.67910543565252,4.9393391861853795
101.92241553881966,4.291593233089538
90.75449422589915,3.486285607387173
91.31007545135368,3.1968603237440547
93.81655753062721,3.4158640569945105
104.44267543267426,5.267126651011483
90.42502756673045,5.508725023229934
125.11512251147042,3.418809297967867
82.10785395560993,5.895038314076116
96.26256711677281,4.516938948316561
91.2053788345165,5.146793011985549
128.93955768707465,6.612220628255424
103.93109553023149,5.896839315865532
120.6368907893727,4.731469352094168
70.28879253926056,4.1088077745847125
105.34100531738518,2.848184598670695
117.79261591246873,4.28084668075758
101.64567978550848,4.788869761172306
121.30960750130703,4.012820472848816
89.65423099799256,4.8687430329076955
128.1869488037116,5.076851882958768
145.977962472385,4.775144018191922
92.74322879120682,4.349997419176541
91.08994957198456,5.168654671966728
129.067689542354,5.441940649569409
131.59144291461425,3.909600922557154
89.54279945693463,6.41093237974627
91.59626365808285,4.901411867715738
94.36430782278985,5.018849622944848
73.11098977931445,5.708214423256557
81.62696107031604,5.233216131263502
79.91718466495864,5.953136633913245
84.64404869791743,5.287124165201824
99.30630225226437,4.387562625359562
104.68429465073041,5.361503525206102
131.01000985628153,3.856273792679338
80.03291918522419,5.108559705776523
119.68644796953167,4.966770009355539
95.72022311548982,4.79188314272746
99.01072580695134,4.871462488561069
113.49638984333208,3.1181509545023607
77.54555956875403,4.4512750922590385
107.64819492368102,5.092844901141115
103.32904416426112,5.1598563919974
109.84902528016298,3.9723248590740416
105.78337287815636,6.2657078408647005
149.1060027982179,4.1338251517855
87.24520031497369,5.969457200526737
89.38006089996365,5.427194361871685
87.53718947150472,4.353772690156197
88.8904576167949,6.775310892609512
87.25225745386965,3.8063631682435197
123.78033062215104,5.919154173610002
128.4100849597971,6.000582318042978
88.58507412501048,4.329379790923355
83.35288853791542,6.392465300064329
109.42831112772808,4.749953485401047
88.95553911438057,5.288693629279857
112.65863635511022,5.260321838771221
104.058460417026,4.865691258529452
69.68511770005536,5.8108082731597825
130.95010402660122,5.793488720552213
135.91755346191044,3.2514680267618195
87.74422619031228,6.304340242878153
92.24596880128031,3.3375080119643257
105.7173078144981,6.032546204341657
106.6891357997405,6.126705136827583
113.1708854534566,3.9090335697848015
140.204090775327,4.589185712045415
96.461055450119,3.8942953315140643
84.03405510923092,4.785078969711265
72.41361543970946,4.691965715814259
85.38139920116161,5.7796605322693395
99.33746054252406,6.310308746119608
135.89115727035576,6.395683810789956
89.64777401927657,4.437831973421698
104.47575903277797,4.790778126255472
99.67154207854496,3.31656180777905
123.76786546896167,4.194129933503811
150.53864851747244,5.9648516330974575
89.38262454159359,6.615582823548232
90.21121114963556,3.765651128120078
120.88321754138144,4.407535740847106
113.63782979252623,4.973594243041073
136.93414651472068,5.280161158819607
111.67856370651927,4.190396480078354
92.81415818425882,5.424061044464089
111.81309661384618,4.526160652929084
122.17407161165815,4.985547729121721
116.40964362394729,5.546284248003699
110.14548062214595,5.006422269810938
121.33349379178307,4.5636141094734315
123.38591180891345,4.890390196074169
127.64317982075055,4.911637040794664
112.97419775179286,4.629988970117872
96.65763839366291,4.741203937332898
102.93427372866645,6.598647170504717
124.13017933016714,5.560919447941239
83.66128658025528,4.704519681970839
107.37346617745803,5.696954404510736
92.13322375345278,4.66618051024399
100.57489645869634,6.173124637586641
125.56903725214598,5.369642192198094
103.82198136039807,4.892697855995771
100.92873096312297,5.447716925810278
72.80287718040162,3.4291238479315007
114.92507132054442,3.8732325310901947
112.9096836228215,3.8060749936009444
143.2650944661092,5.142943094763707
93.84443530093998,6.732514999485092
104.38300655327878,7.231300146192632
104.9876736742151,5.638051101440757
131.5490655952695,5.500844474944457
98.09408935226095,3.1989422658472613
105.58043051540679,4.457326200265978
112.15793019433079,4.212216248091761
103.73218246312716,4.379152401748884
91.07132770898943,4.83185618141521
103.88179985796616,4.527909422302873
121.47263499719544,3.020700189624212
79.4696940117788,5.7479102561175335
102.65939348293752,3.9272569742601933
85.99758370121654,5.239246864111149
123.90093257849685,7.0740826697499735
69.5362619043245,4.080615408413577
88.82156305456823,2.4697124772536703
107.54423750129041,4.713995778119889
131.31048058468681,6.100959634998571
98.68499477854024,6.958347454220593
88.89600946613604,3.7704504055475834
137.6231413888118,5.496699223236522
71.03972199167512,4.5346895432199466
56.023880867598365,4.894051645695864
108.80028900106664,7.644343347017035
89.95891551294778,3.497029671604847
79.57534365738573,5.253739661494573
114.16712894598706,5.467693171765434
104.87601427542398,6.085786324939347
88.71842738526543,5.097983153470896
74.39391202658211,5.308050539504102
117.44914656560289,4.608351432578209
113.00402355917322,5.269126941245108
98.01648272441234,4.656807724502589
136.9327399209533,5.6215718898560505
78.59830467347695,4.630389663956366
69.48949658150522,5.377100393902187
86.16183860237511,4.970737186315022
99.08827967289004,6.126050250772169
104.86678898645384,4.948606276411514
95.1752788428734,3.2269675317931186
107.04110793028593,6.261921500713992
74.96921151619112,4.094267699137381
128.8752920814652,4.34623366135118
98.35697643214863,4.404338705956508
122.34591663176255,6.374438093170817
106.85450692755408,2.8643257860213045
109.13506438307567,8.137748533659995
111.39534560464408,6.056056809066051
108.9541712003463,5.223238914129159
112.85445519735087,4.945105999383713
126.58305060264863,5.285554074857657
103.9304233940294,5.521122428379338
114.18007515177024,5.645215585950057
98.20528611425547,5.555604466003448
128.80234430898946,5.089580681255248
86.4721539588146,4.802661579692674
136.0188086582163,4.848726716346488
99.19684098711313,4.805091719647319
71.38449795763904,6.133770096867065
102.56208829821578,5.593556722280862
86.37896685050238,2.0596113653357198
116.81287097977449,5.655900776529761
86.94752041395218,5.194736194718775
91.07633133570441,4.981291243554103
62.209185381089384,4.611481546911114
90.95387361501847,6.124112719986013
51.52241346742087,5.947526462122858
68.32194353028554,4.227122332176391
115.20829312288595,5.407052287124535
115.71600317301665,4.028343265458714
108.50915123569929,3.6203818352110693
80.66047713741574,4.3732827754100345
99.0457728771604,5.862393472382759
99.92794921818863,5.953125045376087
76.83270621614915,5.513085420097293
130.067966035343,5.725095786847997
117.54724581151342,5.5161782871149585
95.58071652340672,4.3585184047770476
100.53771677989062,5.431922544673941
104.16765615895105,5.800409525227682
59.16530263151419,5.754291329813574
95.05645234958806,6.1889133714746425
86.36031504004403,5.708303847201064
79.96759980210169,5.351448207541583
94.3779941422809,6.070150238316428
135.95373053699046,4.97347874075094
112.8168572253402,4.118125348772282
88.57642020434406,4.836933036056236
111.45165562712317,4.255097355193551
703.5532445628138,17.69017263466572
533.0049220701208,32.52184938246462
674.4102669847397,42.808044057176204
555.4990493956574,39.748026704334436
904.117605004611,16.75791040123908
973.8440129822354,17.551564237876622
536.1582376289693,29.100564892142298
977.5576036458507,25.335167291678015
761.2882996683726,23.133451306961675
649.782838976937,24.835157461804975
